{
   "1":{
      "name":"dummyName",
      "Trust":50,
      "List_of_members":[
         "dummyUser1",
         "dummyUser2"
      ]
   },
   "2":{
      "name":"dummyName",
      "Trust":50,
      "List_of_members":[
         "dummyUser1",
         "dummyUser2"
      ]
   },
   "3":{
      "name":"dummyName",
      "Trust":50,
      "List_of_members":[
         "dummyUser1",
         "dummyUser2"
      ]
   },
   "4":{
      "name":"dummyName",
      "Trust":50,
      "List_of_members":[
         "dummyUser1",
         "dummyUser2"
      ]
   },
   "5":{
      "name":"dummyName",
      "Trust":50,
      "List_of_members":[
         "dummyUser1",
         "dummyUser2"
      ]
   },
   "6":{
      "name":"dummyName",
      "Trust":50,
      "List_of_members":[
         "dummyUser1",
         "dummyUser2"
      ]
   },
   "7":{
      "name":"dummyName",
      "Trust":50,
      "List_of_members":[
         "dummyUser1",
         "dummyUser2"
      ]
   },
   "8":{
      "name":"dummyName",
      "Trust":50,
      "List_of_members":[
         "dummyUser1",
         "dummyUser2"
      ]
   },
   "9":{
      "name":"dummyName",
      "Trust":50,
      "List_of_members":[
         "dummyUser1",
         "dummyUser2"
      ]
   },
   "10":{
      "name":"dummyName",
      "Trust":50,
      "List_of_members":[
         "dummyUser1",
         "dummyUser2"
      ]
   }
}