<?xml version="1.0" encoding="UTF-8"?>
<System name="TP3">
  <Parameters>
    <Parameter id="0" name="calculprobabilites" type="0">
      <values>
        <value>0</value>
        <value>1</value>
      </values>
      <basechoices />
      <invalidValues />
    </Parameter>
    <Parameter id="1" name="combinaisonprobabilites" type="0">
      <values>
        <value>0</value>
        <value>1</value>
      </values>
      <basechoices />
      <invalidValues />
    </Parameter>
    <Parameter id="2" name="creationvocab" type="0">
      <values>
        <value>1</value>
        <value>2</value>
        <value>3</value>
        <value>4</value>
      </values>
      <basechoices />
      <invalidValues />
    </Parameter>
    <Parameter id="3" name="nettoyagetexte" type="0">
      <values>
        <value>0</value>
        <value>1</value>
        <value>2</value>
        <value>3</value>
      </values>
      <basechoices />
      <invalidValues />
    </Parameter>
    <Parameter id="4" name="definitionspam" type="0">
      <values>
        <value>0</value>
        <value>1</value>
        <value>2</value>
      </values>
      <basechoices />
      <invalidValues />
    </Parameter>
  </Parameters>
  <OutputParameters />
  <Relations />
  <Constraints />
  <Testset doi="3">
    <Testcase TCNo="0">
      <Value>1</Value>
      <Value>0</Value>
      <Value>0</Value>
      <Value>1</Value>
      <Value>0</Value>
      <Value>0</Value>
    </Testcase>
    <Testcase TCNo="1">
      <Value>2</Value>
      <Value>1</Value>
      <Value>1</Value>
      <Value>1</Value>
      <Value>0</Value>
      <Value>1</Value>
    </Testcase>
    <Testcase TCNo="2">
      <Value>3</Value>
      <Value>0</Value>
      <Value>1</Value>
      <Value>1</Value>
      <Value>0</Value>
      <Value>2</Value>
    </Testcase>
    <Testcase TCNo="3">
      <Value>4</Value>
      <Value>1</Value>
      <Value>0</Value>
      <Value>1</Value>
      <Value>1</Value>
      <Value>0</Value>
    </Testcase>
    <Testcase TCNo="4">
      <Value>5</Value>
      <Value>0</Value>
      <Value>0</Value>
      <Value>1</Value>
      <Value>1</Value>
      <Value>1</Value>
    </Testcase>
    <Testcase TCNo="5">
      <Value>6</Value>
      <Value>1</Value>
      <Value>1</Value>
      <Value>1</Value>
      <Value>1</Value>
      <Value>2</Value>
    </Testcase>
    <Testcase TCNo="6">
      <Value>7</Value>
      <Value>0</Value>
      <Value>1</Value>
      <Value>1</Value>
      <Value>2</Value>
      <Value>0</Value>
    </Testcase>
    <Testcase TCNo="7">
      <Value>8</Value>
      <Value>1</Value>
      <Value>0</Value>
      <Value>1</Value>
      <Value>2</Value>
      <Value>1</Value>
    </Testcase>
    <Testcase TCNo="8">
      <Value>9</Value>
      <Value>0</Value>
      <Value>0</Value>
      <Value>1</Value>
      <Value>2</Value>
      <Value>2</Value>
    </Testcase>
    <Testcase TCNo="9">
      <Value>10</Value>
      <Value>1</Value>
      <Value>1</Value>
      <Value>1</Value>
      <Value>3</Value>
      <Value>0</Value>
    </Testcase>
    <Testcase TCNo="10">
      <Value>11</Value>
      <Value>0</Value>
      <Value>0</Value>
      <Value>1</Value>
      <Value>3</Value>
      <Value>1</Value>
    </Testcase>
    <Testcase TCNo="11">
      <Value>12</Value>
      <Value>1</Value>
      <Value>0</Value>
      <Value>1</Value>
      <Value>3</Value>
      <Value>2</Value>
    </Testcase>
    <Testcase TCNo="12">
      <Value>13</Value>
      <Value>1</Value>
      <Value>1</Value>
      <Value>2</Value>
      <Value>0</Value>
      <Value>0</Value>
    </Testcase>
    <Testcase TCNo="13">
      <Value>14</Value>
      <Value>0</Value>
      <Value>0</Value>
      <Value>2</Value>
      <Value>0</Value>
      <Value>1</Value>
    </Testcase>
    <Testcase TCNo="14">
      <Value>15</Value>
      <Value>1</Value>
      <Value>0</Value>
      <Value>2</Value>
      <Value>0</Value>
      <Value>2</Value>
    </Testcase>
    <Testcase TCNo="15">
      <Value>16</Value>
      <Value>0</Value>
      <Value>1</Value>
      <Value>2</Value>
      <Value>1</Value>
      <Value>0</Value>
    </Testcase>
    <Testcase TCNo="16">
      <Value>17</Value>
      <Value>1</Value>
      <Value>1</Value>
      <Value>2</Value>
      <Value>1</Value>
      <Value>1</Value>
    </Testcase>
    <Testcase TCNo="17">
      <Value>18</Value>
      <Value>0</Value>
      <Value>0</Value>
      <Value>2</Value>
      <Value>1</Value>
      <Value>2</Value>
    </Testcase>
    <Testcase TCNo="18">
      <Value>19</Value>
      <Value>1</Value>
      <Value>0</Value>
      <Value>2</Value>
      <Value>2</Value>
      <Value>0</Value>
    </Testcase>
    <Testcase TCNo="19">
      <Value>20</Value>
      <Value>0</Value>
      <Value>1</Value>
      <Value>2</Value>
      <Value>2</Value>
      <Value>1</Value>
    </Testcase>
    <Testcase TCNo="20">
      <Value>21</Value>
      <Value>1</Value>
      <Value>1</Value>
      <Value>2</Value>
      <Value>2</Value>
      <Value>2</Value>
    </Testcase>
    <Testcase TCNo="21">
      <Value>22</Value>
      <Value>0</Value>
      <Value>1</Value>
      <Value>2</Value>
      <Value>3</Value>
      <Value>0</Value>
    </Testcase>
    <Testcase TCNo="22">
      <Value>23</Value>
      <Value>1</Value>
      <Value>0</Value>
      <Value>2</Value>
      <Value>3</Value>
      <Value>1</Value>
    </Testcase>
    <Testcase TCNo="23">
      <Value>24</Value>
      <Value>0</Value>
      <Value>1</Value>
      <Value>2</Value>
      <Value>3</Value>
      <Value>2</Value>
    </Testcase>
    <Testcase TCNo="24">
      <Value>25</Value>
      <Value>0</Value>
      <Value>0</Value>
      <Value>3</Value>
      <Value>0</Value>
      <Value>0</Value>
    </Testcase>
    <Testcase TCNo="25">
      <Value>26</Value>
      <Value>1</Value>
      <Value>1</Value>
      <Value>3</Value>
      <Value>0</Value>
      <Value>1</Value>
    </Testcase>
    <Testcase TCNo="26">
      <Value>27</Value>
      <Value>0</Value>
      <Value>1</Value>
      <Value>3</Value>
      <Value>0</Value>
      <Value>2</Value>
    </Testcase>
    <Testcase TCNo="27">
      <Value>28</Value>
      <Value>1</Value>
      <Value>0</Value>
      <Value>3</Value>
      <Value>1</Value>
      <Value>0</Value>
    </Testcase>
    <Testcase TCNo="28">
      <Value>29</Value>
      <Value>0</Value>
      <Value>0</Value>
      <Value>3</Value>
      <Value>1</Value>
      <Value>1</Value>
    </Testcase>
    <Testcase TCNo="29">
      <Value>30</Value>
      <Value>1</Value>
      <Value>1</Value>
      <Value>3</Value>
      <Value>1</Value>
      <Value>2</Value>
    </Testcase>
    <Testcase TCNo="30">
      <Value>31</Value>
      <Value>0</Value>
      <Value>1</Value>
      <Value>3</Value>
      <Value>2</Value>
      <Value>0</Value>
    </Testcase>
    <Testcase TCNo="31">
      <Value>32</Value>
      <Value>1</Value>
      <Value>0</Value>
      <Value>3</Value>
      <Value>2</Value>
      <Value>1</Value>
    </Testcase>
    <Testcase TCNo="32">
      <Value>33</Value>
      <Value>1</Value>
      <Value>0</Value>
      <Value>3</Value>
      <Value>2</Value>
      <Value>2</Value>
    </Testcase>
    <Testcase TCNo="33">
      <Value>34</Value>
      <Value>0</Value>
      <Value>0</Value>
      <Value>3</Value>
      <Value>3</Value>
      <Value>0</Value>
    </Testcase>
    <Testcase TCNo="34">
      <Value>35</Value>
      <Value>1</Value>
      <Value>1</Value>
      <Value>3</Value>
      <Value>3</Value>
      <Value>1</Value>
    </Testcase>
    <Testcase TCNo="35">
      <Value>36</Value>
      <Value>1</Value>
      <Value>0</Value>
      <Value>3</Value>
      <Value>3</Value>
      <Value>2</Value>
    </Testcase>
    <Testcase TCNo="36">
      <Value>37</Value>
      <Value>0</Value>
      <Value>1</Value>
      <Value>4</Value>
      <Value>0</Value>
      <Value>0</Value>
    </Testcase>
    <Testcase TCNo="37">
      <Value>38</Value>
      <Value>1</Value>
      <Value>0</Value>
      <Value>4</Value>
      <Value>0</Value>
      <Value>1</Value>
    </Testcase>
    <Testcase TCNo="38">
      <Value>39</Value>
      <Value>0</Value>
      <Value>0</Value>
      <Value>4</Value>
      <Value>0</Value>
      <Value>2</Value>
    </Testcase>
    <Testcase TCNo="39">
      <Value>40</Value>
      <Value>1</Value>
      <Value>1</Value>
      <Value>4</Value>
      <Value>1</Value>
      <Value>0</Value>
    </Testcase>
    <Testcase TCNo="40">
      <Value>41</Value>
      <Value>0</Value>
      <Value>1</Value>
      <Value>4</Value>
      <Value>1</Value>
      <Value>1</Value>
    </Testcase>
    <Testcase TCNo="41">
      <Value>42</Value>
      <Value>1</Value>
      <Value>0</Value>
      <Value>4</Value>
      <Value>1</Value>
      <Value>2</Value>
    </Testcase>
    <Testcase TCNo="42">
      <Value>43</Value>
      <Value>0</Value>
      <Value>0</Value>
      <Value>4</Value>
      <Value>2</Value>
      <Value>0</Value>
    </Testcase>
    <Testcase TCNo="43">
      <Value>44</Value>
      <Value>1</Value>
      <Value>1</Value>
      <Value>4</Value>
      <Value>2</Value>
      <Value>1</Value>
    </Testcase>
    <Testcase TCNo="44">
      <Value>45</Value>
      <Value>1</Value>
      <Value>1</Value>
      <Value>4</Value>
      <Value>2</Value>
      <Value>2</Value>
    </Testcase>
    <Testcase TCNo="45">
      <Value>46</Value>
      <Value>0</Value>
      <Value>0</Value>
      <Value>4</Value>
      <Value>3</Value>
      <Value>0</Value>
    </Testcase>
    <Testcase TCNo="46">
      <Value>47</Value>
      <Value>1</Value>
      <Value>1</Value>
      <Value>4</Value>
      <Value>3</Value>
      <Value>1</Value>
    </Testcase>
    <Testcase TCNo="47">
      <Value>48</Value>
      <Value>1</Value>
      <Value>0</Value>
      <Value>4</Value>
      <Value>3</Value>
      <Value>2</Value>
    </Testcase>
  </Testset>
  <Header>
    <Value />
    <Value>CALCULPROBABILITES</Value>
    <Value>COMBINAISONPROBABILITES</Value>
    <Value>CREATIONVOCAB</Value>
    <Value>NETTOYAGETEXTE</Value>
    <Value>DEFINITIONSPAM</Value>
  </Header>
  <Stat-Data>
    <ExecutionTime>0.029</ExecutionTime>
    <MaxDomainSize>4</MaxDomainSize>
    <MinDomainSize>2</MinDomainSize>
    <TotalNoOfCombination>252</TotalNoOfCombination>
    <TotalNoOfTests>48</TotalNoOfTests>
    <Algorithm>IPOG</Algorithm>
  </Stat-Data>
</System>

