<?xml version="1.0" encoding="UTF-8"?>
<System name="TP3">
  <Parameters>
    <Parameter id="0" name="calculprobabilites" type="0">
      <values>
        <value>0</value>
        <value>1</value>
      </values>
      <basechoices />
      <invalidValues />
    </Parameter>
    <Parameter id="1" name="combinaisonprobabilites" type="0">
      <values>
        <value>0</value>
        <value>1</value>
      </values>
      <basechoices />
      <invalidValues />
    </Parameter>
    <Parameter id="2" name="creationvocab" type="0">
      <values>
        <value>1</value>
        <value>2</value>
        <value>3</value>
        <value>4</value>
      </values>
      <basechoices />
      <invalidValues />
    </Parameter>
    <Parameter id="3" name="nettoyagetexte" type="0">
      <values>
        <value>0</value>
        <value>1</value>
        <value>2</value>
        <value>3</value>
      </values>
      <basechoices />
      <invalidValues />
    </Parameter>
    <Parameter id="4" name="definitionspam" type="0">
      <values>
        <value>0</value>
        <value>1</value>
        <value>2</value>
      </values>
      <basechoices />
      <invalidValues />
    </Parameter>
  </Parameters>
  <OutputParameters />
  <Relations />
  <Constraints />
  <Testset doi="4">
    <Testcase TCNo="0">
      <Value>1</Value>
      <Value>0</Value>
      <Value>0</Value>
      <Value>1</Value>
      <Value>0</Value>
      <Value>0</Value>
    </Testcase>
    <Testcase TCNo="1">
      <Value>2</Value>
      <Value>1</Value>
      <Value>1</Value>
      <Value>1</Value>
      <Value>0</Value>
      <Value>0</Value>
    </Testcase>
    <Testcase TCNo="2">
      <Value>3</Value>
      <Value>0</Value>
      <Value>1</Value>
      <Value>1</Value>
      <Value>0</Value>
      <Value>1</Value>
    </Testcase>
    <Testcase TCNo="3">
      <Value>4</Value>
      <Value>1</Value>
      <Value>0</Value>
      <Value>1</Value>
      <Value>0</Value>
      <Value>1</Value>
    </Testcase>
    <Testcase TCNo="4">
      <Value>5</Value>
      <Value>0</Value>
      <Value>0</Value>
      <Value>1</Value>
      <Value>0</Value>
      <Value>2</Value>
    </Testcase>
    <Testcase TCNo="5">
      <Value>6</Value>
      <Value>1</Value>
      <Value>1</Value>
      <Value>1</Value>
      <Value>0</Value>
      <Value>2</Value>
    </Testcase>
    <Testcase TCNo="6">
      <Value>7</Value>
      <Value>0</Value>
      <Value>1</Value>
      <Value>1</Value>
      <Value>1</Value>
      <Value>0</Value>
    </Testcase>
    <Testcase TCNo="7">
      <Value>8</Value>
      <Value>1</Value>
      <Value>0</Value>
      <Value>1</Value>
      <Value>1</Value>
      <Value>0</Value>
    </Testcase>
    <Testcase TCNo="8">
      <Value>9</Value>
      <Value>0</Value>
      <Value>0</Value>
      <Value>1</Value>
      <Value>1</Value>
      <Value>1</Value>
    </Testcase>
    <Testcase TCNo="9">
      <Value>10</Value>
      <Value>1</Value>
      <Value>1</Value>
      <Value>1</Value>
      <Value>1</Value>
      <Value>1</Value>
    </Testcase>
    <Testcase TCNo="10">
      <Value>11</Value>
      <Value>0</Value>
      <Value>1</Value>
      <Value>1</Value>
      <Value>1</Value>
      <Value>2</Value>
    </Testcase>
    <Testcase TCNo="11">
      <Value>12</Value>
      <Value>1</Value>
      <Value>0</Value>
      <Value>1</Value>
      <Value>1</Value>
      <Value>2</Value>
    </Testcase>
    <Testcase TCNo="12">
      <Value>13</Value>
      <Value>0</Value>
      <Value>0</Value>
      <Value>1</Value>
      <Value>2</Value>
      <Value>0</Value>
    </Testcase>
    <Testcase TCNo="13">
      <Value>14</Value>
      <Value>1</Value>
      <Value>1</Value>
      <Value>1</Value>
      <Value>2</Value>
      <Value>0</Value>
    </Testcase>
    <Testcase TCNo="14">
      <Value>15</Value>
      <Value>0</Value>
      <Value>1</Value>
      <Value>1</Value>
      <Value>2</Value>
      <Value>1</Value>
    </Testcase>
    <Testcase TCNo="15">
      <Value>16</Value>
      <Value>1</Value>
      <Value>0</Value>
      <Value>1</Value>
      <Value>2</Value>
      <Value>1</Value>
    </Testcase>
    <Testcase TCNo="16">
      <Value>17</Value>
      <Value>0</Value>
      <Value>0</Value>
      <Value>1</Value>
      <Value>2</Value>
      <Value>2</Value>
    </Testcase>
    <Testcase TCNo="17">
      <Value>18</Value>
      <Value>1</Value>
      <Value>1</Value>
      <Value>1</Value>
      <Value>2</Value>
      <Value>2</Value>
    </Testcase>
    <Testcase TCNo="18">
      <Value>19</Value>
      <Value>0</Value>
      <Value>0</Value>
      <Value>1</Value>
      <Value>3</Value>
      <Value>0</Value>
    </Testcase>
    <Testcase TCNo="19">
      <Value>20</Value>
      <Value>1</Value>
      <Value>1</Value>
      <Value>1</Value>
      <Value>3</Value>
      <Value>0</Value>
    </Testcase>
    <Testcase TCNo="20">
      <Value>21</Value>
      <Value>0</Value>
      <Value>1</Value>
      <Value>1</Value>
      <Value>3</Value>
      <Value>1</Value>
    </Testcase>
    <Testcase TCNo="21">
      <Value>22</Value>
      <Value>1</Value>
      <Value>0</Value>
      <Value>1</Value>
      <Value>3</Value>
      <Value>1</Value>
    </Testcase>
    <Testcase TCNo="22">
      <Value>23</Value>
      <Value>0</Value>
      <Value>0</Value>
      <Value>1</Value>
      <Value>3</Value>
      <Value>2</Value>
    </Testcase>
    <Testcase TCNo="23">
      <Value>24</Value>
      <Value>1</Value>
      <Value>1</Value>
      <Value>1</Value>
      <Value>3</Value>
      <Value>2</Value>
    </Testcase>
    <Testcase TCNo="24">
      <Value>25</Value>
      <Value>0</Value>
      <Value>1</Value>
      <Value>2</Value>
      <Value>0</Value>
      <Value>0</Value>
    </Testcase>
    <Testcase TCNo="25">
      <Value>26</Value>
      <Value>1</Value>
      <Value>0</Value>
      <Value>2</Value>
      <Value>0</Value>
      <Value>0</Value>
    </Testcase>
    <Testcase TCNo="26">
      <Value>27</Value>
      <Value>0</Value>
      <Value>0</Value>
      <Value>2</Value>
      <Value>0</Value>
      <Value>1</Value>
    </Testcase>
    <Testcase TCNo="27">
      <Value>28</Value>
      <Value>1</Value>
      <Value>1</Value>
      <Value>2</Value>
      <Value>0</Value>
      <Value>1</Value>
    </Testcase>
    <Testcase TCNo="28">
      <Value>29</Value>
      <Value>0</Value>
      <Value>1</Value>
      <Value>2</Value>
      <Value>0</Value>
      <Value>2</Value>
    </Testcase>
    <Testcase TCNo="29">
      <Value>30</Value>
      <Value>1</Value>
      <Value>0</Value>
      <Value>2</Value>
      <Value>0</Value>
      <Value>2</Value>
    </Testcase>
    <Testcase TCNo="30">
      <Value>31</Value>
      <Value>0</Value>
      <Value>0</Value>
      <Value>2</Value>
      <Value>1</Value>
      <Value>0</Value>
    </Testcase>
    <Testcase TCNo="31">
      <Value>32</Value>
      <Value>1</Value>
      <Value>1</Value>
      <Value>2</Value>
      <Value>1</Value>
      <Value>0</Value>
    </Testcase>
    <Testcase TCNo="32">
      <Value>33</Value>
      <Value>0</Value>
      <Value>1</Value>
      <Value>2</Value>
      <Value>1</Value>
      <Value>1</Value>
    </Testcase>
    <Testcase TCNo="33">
      <Value>34</Value>
      <Value>1</Value>
      <Value>0</Value>
      <Value>2</Value>
      <Value>1</Value>
      <Value>1</Value>
    </Testcase>
    <Testcase TCNo="34">
      <Value>35</Value>
      <Value>0</Value>
      <Value>0</Value>
      <Value>2</Value>
      <Value>1</Value>
      <Value>2</Value>
    </Testcase>
    <Testcase TCNo="35">
      <Value>36</Value>
      <Value>1</Value>
      <Value>1</Value>
      <Value>2</Value>
      <Value>1</Value>
      <Value>2</Value>
    </Testcase>
    <Testcase TCNo="36">
      <Value>37</Value>
      <Value>0</Value>
      <Value>1</Value>
      <Value>2</Value>
      <Value>2</Value>
      <Value>0</Value>
    </Testcase>
    <Testcase TCNo="37">
      <Value>38</Value>
      <Value>1</Value>
      <Value>0</Value>
      <Value>2</Value>
      <Value>2</Value>
      <Value>0</Value>
    </Testcase>
    <Testcase TCNo="38">
      <Value>39</Value>
      <Value>0</Value>
      <Value>0</Value>
      <Value>2</Value>
      <Value>2</Value>
      <Value>1</Value>
    </Testcase>
    <Testcase TCNo="39">
      <Value>40</Value>
      <Value>1</Value>
      <Value>1</Value>
      <Value>2</Value>
      <Value>2</Value>
      <Value>1</Value>
    </Testcase>
    <Testcase TCNo="40">
      <Value>41</Value>
      <Value>0</Value>
      <Value>1</Value>
      <Value>2</Value>
      <Value>2</Value>
      <Value>2</Value>
    </Testcase>
    <Testcase TCNo="41">
      <Value>42</Value>
      <Value>1</Value>
      <Value>0</Value>
      <Value>2</Value>
      <Value>2</Value>
      <Value>2</Value>
    </Testcase>
    <Testcase TCNo="42">
      <Value>43</Value>
      <Value>0</Value>
      <Value>1</Value>
      <Value>2</Value>
      <Value>3</Value>
      <Value>0</Value>
    </Testcase>
    <Testcase TCNo="43">
      <Value>44</Value>
      <Value>1</Value>
      <Value>0</Value>
      <Value>2</Value>
      <Value>3</Value>
      <Value>0</Value>
    </Testcase>
    <Testcase TCNo="44">
      <Value>45</Value>
      <Value>0</Value>
      <Value>0</Value>
      <Value>2</Value>
      <Value>3</Value>
      <Value>1</Value>
    </Testcase>
    <Testcase TCNo="45">
      <Value>46</Value>
      <Value>1</Value>
      <Value>1</Value>
      <Value>2</Value>
      <Value>3</Value>
      <Value>1</Value>
    </Testcase>
    <Testcase TCNo="46">
      <Value>47</Value>
      <Value>0</Value>
      <Value>1</Value>
      <Value>2</Value>
      <Value>3</Value>
      <Value>2</Value>
    </Testcase>
    <Testcase TCNo="47">
      <Value>48</Value>
      <Value>1</Value>
      <Value>0</Value>
      <Value>2</Value>
      <Value>3</Value>
      <Value>2</Value>
    </Testcase>
    <Testcase TCNo="48">
      <Value>49</Value>
      <Value>0</Value>
      <Value>0</Value>
      <Value>3</Value>
      <Value>0</Value>
      <Value>0</Value>
    </Testcase>
    <Testcase TCNo="49">
      <Value>50</Value>
      <Value>1</Value>
      <Value>1</Value>
      <Value>3</Value>
      <Value>0</Value>
      <Value>0</Value>
    </Testcase>
    <Testcase TCNo="50">
      <Value>51</Value>
      <Value>0</Value>
      <Value>1</Value>
      <Value>3</Value>
      <Value>0</Value>
      <Value>1</Value>
    </Testcase>
    <Testcase TCNo="51">
      <Value>52</Value>
      <Value>1</Value>
      <Value>0</Value>
      <Value>3</Value>
      <Value>0</Value>
      <Value>1</Value>
    </Testcase>
    <Testcase TCNo="52">
      <Value>53</Value>
      <Value>0</Value>
      <Value>0</Value>
      <Value>3</Value>
      <Value>0</Value>
      <Value>2</Value>
    </Testcase>
    <Testcase TCNo="53">
      <Value>54</Value>
      <Value>1</Value>
      <Value>1</Value>
      <Value>3</Value>
      <Value>0</Value>
      <Value>2</Value>
    </Testcase>
    <Testcase TCNo="54">
      <Value>55</Value>
      <Value>0</Value>
      <Value>1</Value>
      <Value>3</Value>
      <Value>1</Value>
      <Value>0</Value>
    </Testcase>
    <Testcase TCNo="55">
      <Value>56</Value>
      <Value>1</Value>
      <Value>0</Value>
      <Value>3</Value>
      <Value>1</Value>
      <Value>0</Value>
    </Testcase>
    <Testcase TCNo="56">
      <Value>57</Value>
      <Value>0</Value>
      <Value>0</Value>
      <Value>3</Value>
      <Value>1</Value>
      <Value>1</Value>
    </Testcase>
    <Testcase TCNo="57">
      <Value>58</Value>
      <Value>1</Value>
      <Value>1</Value>
      <Value>3</Value>
      <Value>1</Value>
      <Value>1</Value>
    </Testcase>
    <Testcase TCNo="58">
      <Value>59</Value>
      <Value>0</Value>
      <Value>1</Value>
      <Value>3</Value>
      <Value>1</Value>
      <Value>2</Value>
    </Testcase>
    <Testcase TCNo="59">
      <Value>60</Value>
      <Value>1</Value>
      <Value>0</Value>
      <Value>3</Value>
      <Value>1</Value>
      <Value>2</Value>
    </Testcase>
    <Testcase TCNo="60">
      <Value>61</Value>
      <Value>0</Value>
      <Value>0</Value>
      <Value>3</Value>
      <Value>2</Value>
      <Value>0</Value>
    </Testcase>
    <Testcase TCNo="61">
      <Value>62</Value>
      <Value>1</Value>
      <Value>1</Value>
      <Value>3</Value>
      <Value>2</Value>
      <Value>0</Value>
    </Testcase>
    <Testcase TCNo="62">
      <Value>63</Value>
      <Value>0</Value>
      <Value>1</Value>
      <Value>3</Value>
      <Value>2</Value>
      <Value>1</Value>
    </Testcase>
    <Testcase TCNo="63">
      <Value>64</Value>
      <Value>1</Value>
      <Value>0</Value>
      <Value>3</Value>
      <Value>2</Value>
      <Value>1</Value>
    </Testcase>
    <Testcase TCNo="64">
      <Value>65</Value>
      <Value>0</Value>
      <Value>0</Value>
      <Value>3</Value>
      <Value>2</Value>
      <Value>2</Value>
    </Testcase>
    <Testcase TCNo="65">
      <Value>66</Value>
      <Value>1</Value>
      <Value>1</Value>
      <Value>3</Value>
      <Value>2</Value>
      <Value>2</Value>
    </Testcase>
    <Testcase TCNo="66">
      <Value>67</Value>
      <Value>0</Value>
      <Value>0</Value>
      <Value>3</Value>
      <Value>3</Value>
      <Value>0</Value>
    </Testcase>
    <Testcase TCNo="67">
      <Value>68</Value>
      <Value>1</Value>
      <Value>1</Value>
      <Value>3</Value>
      <Value>3</Value>
      <Value>0</Value>
    </Testcase>
    <Testcase TCNo="68">
      <Value>69</Value>
      <Value>0</Value>
      <Value>1</Value>
      <Value>3</Value>
      <Value>3</Value>
      <Value>1</Value>
    </Testcase>
    <Testcase TCNo="69">
      <Value>70</Value>
      <Value>1</Value>
      <Value>0</Value>
      <Value>3</Value>
      <Value>3</Value>
      <Value>1</Value>
    </Testcase>
    <Testcase TCNo="70">
      <Value>71</Value>
      <Value>0</Value>
      <Value>0</Value>
      <Value>3</Value>
      <Value>3</Value>
      <Value>2</Value>
    </Testcase>
    <Testcase TCNo="71">
      <Value>72</Value>
      <Value>1</Value>
      <Value>1</Value>
      <Value>3</Value>
      <Value>3</Value>
      <Value>2</Value>
    </Testcase>
    <Testcase TCNo="72">
      <Value>73</Value>
      <Value>0</Value>
      <Value>0</Value>
      <Value>4</Value>
      <Value>0</Value>
      <Value>0</Value>
    </Testcase>
    <Testcase TCNo="73">
      <Value>74</Value>
      <Value>1</Value>
      <Value>1</Value>
      <Value>4</Value>
      <Value>0</Value>
      <Value>0</Value>
    </Testcase>
    <Testcase TCNo="74">
      <Value>75</Value>
      <Value>0</Value>
      <Value>1</Value>
      <Value>4</Value>
      <Value>0</Value>
      <Value>1</Value>
    </Testcase>
    <Testcase TCNo="75">
      <Value>76</Value>
      <Value>1</Value>
      <Value>0</Value>
      <Value>4</Value>
      <Value>0</Value>
      <Value>1</Value>
    </Testcase>
    <Testcase TCNo="76">
      <Value>77</Value>
      <Value>0</Value>
      <Value>0</Value>
      <Value>4</Value>
      <Value>0</Value>
      <Value>2</Value>
    </Testcase>
    <Testcase TCNo="77">
      <Value>78</Value>
      <Value>1</Value>
      <Value>1</Value>
      <Value>4</Value>
      <Value>0</Value>
      <Value>2</Value>
    </Testcase>
    <Testcase TCNo="78">
      <Value>79</Value>
      <Value>0</Value>
      <Value>1</Value>
      <Value>4</Value>
      <Value>1</Value>
      <Value>0</Value>
    </Testcase>
    <Testcase TCNo="79">
      <Value>80</Value>
      <Value>1</Value>
      <Value>0</Value>
      <Value>4</Value>
      <Value>1</Value>
      <Value>0</Value>
    </Testcase>
    <Testcase TCNo="80">
      <Value>81</Value>
      <Value>0</Value>
      <Value>0</Value>
      <Value>4</Value>
      <Value>1</Value>
      <Value>1</Value>
    </Testcase>
    <Testcase TCNo="81">
      <Value>82</Value>
      <Value>1</Value>
      <Value>1</Value>
      <Value>4</Value>
      <Value>1</Value>
      <Value>1</Value>
    </Testcase>
    <Testcase TCNo="82">
      <Value>83</Value>
      <Value>0</Value>
      <Value>1</Value>
      <Value>4</Value>
      <Value>1</Value>
      <Value>2</Value>
    </Testcase>
    <Testcase TCNo="83">
      <Value>84</Value>
      <Value>1</Value>
      <Value>0</Value>
      <Value>4</Value>
      <Value>1</Value>
      <Value>2</Value>
    </Testcase>
    <Testcase TCNo="84">
      <Value>85</Value>
      <Value>0</Value>
      <Value>0</Value>
      <Value>4</Value>
      <Value>2</Value>
      <Value>0</Value>
    </Testcase>
    <Testcase TCNo="85">
      <Value>86</Value>
      <Value>1</Value>
      <Value>1</Value>
      <Value>4</Value>
      <Value>2</Value>
      <Value>0</Value>
    </Testcase>
    <Testcase TCNo="86">
      <Value>87</Value>
      <Value>0</Value>
      <Value>1</Value>
      <Value>4</Value>
      <Value>2</Value>
      <Value>1</Value>
    </Testcase>
    <Testcase TCNo="87">
      <Value>88</Value>
      <Value>1</Value>
      <Value>0</Value>
      <Value>4</Value>
      <Value>2</Value>
      <Value>1</Value>
    </Testcase>
    <Testcase TCNo="88">
      <Value>89</Value>
      <Value>0</Value>
      <Value>0</Value>
      <Value>4</Value>
      <Value>2</Value>
      <Value>2</Value>
    </Testcase>
    <Testcase TCNo="89">
      <Value>90</Value>
      <Value>1</Value>
      <Value>1</Value>
      <Value>4</Value>
      <Value>2</Value>
      <Value>2</Value>
    </Testcase>
    <Testcase TCNo="90">
      <Value>91</Value>
      <Value>0</Value>
      <Value>0</Value>
      <Value>4</Value>
      <Value>3</Value>
      <Value>0</Value>
    </Testcase>
    <Testcase TCNo="91">
      <Value>92</Value>
      <Value>1</Value>
      <Value>1</Value>
      <Value>4</Value>
      <Value>3</Value>
      <Value>0</Value>
    </Testcase>
    <Testcase TCNo="92">
      <Value>93</Value>
      <Value>0</Value>
      <Value>1</Value>
      <Value>4</Value>
      <Value>3</Value>
      <Value>1</Value>
    </Testcase>
    <Testcase TCNo="93">
      <Value>94</Value>
      <Value>1</Value>
      <Value>0</Value>
      <Value>4</Value>
      <Value>3</Value>
      <Value>1</Value>
    </Testcase>
    <Testcase TCNo="94">
      <Value>95</Value>
      <Value>0</Value>
      <Value>0</Value>
      <Value>4</Value>
      <Value>3</Value>
      <Value>2</Value>
    </Testcase>
    <Testcase TCNo="95">
      <Value>96</Value>
      <Value>1</Value>
      <Value>1</Value>
      <Value>4</Value>
      <Value>3</Value>
      <Value>2</Value>
    </Testcase>
  </Testset>
  <Header>
    <Value />
    <Value>CALCULPROBABILITES</Value>
    <Value>COMBINAISONPROBABILITES</Value>
    <Value>CREATIONVOCAB</Value>
    <Value>NETTOYAGETEXTE</Value>
    <Value>DEFINITIONSPAM</Value>
  </Header>
  <Stat-Data>
    <ExecutionTime>0.001</ExecutionTime>
    <MaxDomainSize>4</MaxDomainSize>
    <MinDomainSize>2</MinDomainSize>
    <TotalNoOfCombination>352</TotalNoOfCombination>
    <TotalNoOfTests>96</TotalNoOfTests>
    <Algorithm>IPOG</Algorithm>
  </Stat-Data>
</System>

